{"train_loss": 0.04636861011385918, "epoch": 0, "trainer/global_step": 49, "_timestamp": 1714473681.9160814, "_runtime": 41.268248319625854, "_step": 0}