{
    "eval_loss": 596.380859375,
    "eval_bleu": 0.0,
    "eval_gen_len": 12.0,
    "epoch": 1.0,
    "total_flos": 581121792,
    "test_loss": 572.8933715820312,
    "test_bleu": 0.0,
    "test_gen_len": 12.0
}