{
    "eval_loss": 4828.865234375,
    "eval_bleu": 0.0367,
    "eval_gen_len": 15.2,
    "epoch": 3.0,
    "total_flos": 1959023738880,
    "test_loss": 4670.32421875,
    "test_bleu": 0.0432,
    "test_gen_len": 34.9
}