{
  "Baseline": {
    "Single Input": {
      "mean": 0.17959960301717123,
      "stdev": 0.2761689021660227,
      "times": [
        0.4984898567199707,
        0.021162986755371094,
        0.019145965576171875
      ]
    },
    "Small Batch (4)": {
      "mean": 0.08228834470113118,
      "stdev": 0.004149780100430756,
      "times": [
        0.08377504348754883,
        0.08548998832702637,
        0.07760000228881836
      ]
    },
    "Medium Batch (16)": {
      "mean": 0.2999573548634847,
      "stdev": 0.013216125185186528,
      "times": [
        0.31094813346862793,
        0.2852931022644043,
        0.3036308288574219
      ]
    },
    "Large Batch (32)": {
      "mean": 0.6084006627400717,
      "stdev": 0.015096468113029246,
      "times": [
        0.6245207786560059,
        0.606086015701294,
        0.594595193862915
      ]
    }
  },
  "Optimized Threads (8)": {
    "Single Input": {
      "mean": 0.05925591786702474,
      "stdev": 0.03814135819508834,
      "times": [
        0.10313296318054199,
        0.04061388969421387,
        0.03402090072631836
      ]
    },
    "Small Batch (4)": {
      "mean": 0.0886687437693278,
      "stdev": 0.021048699046968506,
      "times": [
        0.11196517944335938,
        0.08302092552185059,
        0.07102012634277344
      ]
    },
    "Medium Batch (16)": {
      "mean": 0.30039230982462567,
      "stdev": 0.006790660124786962,
      "times": [
        0.30467987060546875,
        0.30393409729003906,
        0.29256296157836914
      ]
    },
    "Large Batch (32)": {
      "mean": 0.602854331334432,
      "stdev": 0.016684356299951898,
      "times": [
        0.6042091846466064,
        0.6188199520111084,
        0.585533857345581
      ]
    }
  },
  "Torch Compile": {
    "Single Input": {
      "mean": 3.4033613999684653,
      "stdev": 5.849022256305778,
      "times": [
        10.157225131988525,
        0.033837080001831055,
        0.019021987915039062
      ]
    },
    "Small Batch (4)": {
      "mean": 0.12861069043477377,
      "stdev": 0.09577982831281204,
      "times": [
        0.23919272422790527,
        0.07489633560180664,
        0.07174301147460938
      ]
    },
    "Medium Batch (16)": {
      "mean": 0.28260429700215656,
      "stdev": 0.001017661835019001,
      "times": [
        0.28217196464538574,
        0.2818741798400879,
        0.2837667465209961
      ]
    },
    "Large Batch (32)": {
      "mean": 0.5661688645680746,
      "stdev": 0.013513235324904246,
      "times": [
        0.5610527992248535,
        0.5559606552124023,
        0.5814931392669678
      ]
    }
  },
  "Combined Optimizations": {
    "Single Input": {
      "mean": 2.5667687257130942,
      "stdev": 4.40899541709517,
      "times": [
        7.6578381061553955,
        0.021337032318115234,
        0.021131038665771484
      ]
    },
    "Small Batch (4)": {
      "mean": 0.09930872917175293,
      "stdev": 0.04417775047523305,
      "times": [
        0.15031123161315918,
        0.0729517936706543,
        0.07466316223144531
      ]
    },
    "Medium Batch (16)": {
      "mean": 0.2843499183654785,
      "stdev": 0.0018961011991599243,
      "times": [
        0.286236047744751,
        0.2824440002441406,
        0.28436970710754395
      ]
    },
    "Large Batch (32)": {
      "mean": 0.5590256055196127,
      "stdev": 0.01106315602341011,
      "times": [
        0.5637350082397461,
        0.5669548511505127,
        0.5463869571685791
      ]
    }
  }
}