{"train_loss": 7.635411020601168e-05, "epoch": 0, "trainer/global_step": 49, "_timestamp": 1714471726.2381043, "_runtime": 65.26272630691528, "_step": 0}