{"loss": 4.736242771148682, "constrast_loss": 4.646193027496338, "div_loss": 0.900495171546936, "%_mask_idx": 0.5041835904121399, "ppl": 60.41101837158203, "lr": 0.0, "temp": 2.0, "grad_norm": NaN, "_runtime": 3134, "_timestamp": 1633448271, "_step": 0}